Achim,Wolff,Berlin,Germany,2018,JavaScript
Adélaïde,Vidal,Toulouse,France,2017,Java
Adrien,Bernier,Orleans,France,2017,JavaScript
Adrien,Coste,Toulouse,France,2017,Java
Adrien,Maillard,Biarritz,France,2019,Java
Adrienne,Bouvier,Bordeaux,France,2017,JavaScript
Adrienne,Gallet,Toulouse,France,2018,PHP
Adrienne,Legros,Nantes,France,2018,JavaScript
Adrienne,Legros,Paris,France,2017,JavaScript
Adrien,Pineau,Toulouse,France,2018,PHP
Adrien,Roussel,Paris,France,2018,JavaScript
Africa,Cotto,Madrid,Spain,2018,JavaScript
Agathe,Bazin,Toulouse,France,2017,JavaScript
Agathe,Blondel,Reims,France,2019,JavaScript
Agathe,Fernandes,Lille,France,2018,JavaScript
Agathe,Samson,Paris,France,2017,JavaScript
Agnès,Robin,Biarritz,France,2018,PHP
Agnès,Vidal,Orleans,France,2017,JavaScript
Aimé,Bouvet,Tours,France,2019,JavaScript
Aimé,Delaunay,Paris,France,2017,JavaScript
Aimee,Kris,London,"United Kingdom",2017,JavaScript
Aimée,Lamy,Strasbourg,France,2019,JavaScript
Aimé,Launay,Lyon,France,2019,JavaScript
Alain,Coste,Toulouse,France,2017,Java
Alejandro,Muro,Madrid,Spain,2017,JavaScript
Alexandra,Navarro,Madrid,Spain,2019,JavaScript
Alexandre,"Da Silva",Toulouse,France,2019,JavaScript
Alexandre,Merle,Paris,France,2017,JavaScript
Alexandre,"Van Damme",Brussels,Belgium,2018,JavaScript
Alexandria,Duhamel,"La Loupe",France,2018,JavaScript
Alexandria,Gomes,Bordeaux,France,2018,JavaScript
Alexandrie,Delahaye,Toulouse,France,2017,Java
Alfred,"Da Silva",Biarritz,France,2018,JavaScript
Alice,Dima,Bucharest,Romania,2018,JavaScript
Alice,Kovacs,Bucharest,Romania,2017,JavaScript
Alice,Monteiro,Lisbon,Portugal,2018,JavaScript
Alix,Blot,Nantes,France,2017,JavaScript
Alphonse,Baudry,Bordeaux,France,2018,JavaScript
Alphonse,Dumont,Toulouse,France,2017,PHP
Alphonse,Fischer,Toulouse,France,2017,PHP
Alphonse,Leleu,Biarritz,France,2019,JavaScript
Alphonse,Paris,Lille,France,2017,JavaScript
Amélie,Caron,Orleans,France,2018,JavaScript
Amélie,Klein,Lille,France,2017,JavaScript
Amélie,Philippe,Toulouse,France,2017,Java
Anaïs,Lambert,Toulouse,France,2019,Java
Anaïs,Salmon,Reims,France,2017,JavaScript
Anastasia,Kilback,London,"United Kingdom",2019,JavaScript
Anastasie,Boulanger,Toulouse,France,2017,PHP
Anastasie,Charpentier,Toulouse,France,2017,Java
Anastasie,Moulin,Bordeaux,France,2017,JavaScript
Anastasie,Roux,Toulouse,France,2019,PHP
Andrée,Berthelot,Biarritz,France,2019,JavaScript
Andrée,Valentin,Orleans,France,2019,JavaScript
André,Gilles,"La Loupe",France,2018,JavaScript
Andrei,Savu,Bucharest,Romania,2017,JavaScript
André,Marchal,Strasbourg,France,2019,JavaScript
Ane,Aguayo,Madrid,Spain,2018,JavaScript
Angela,Garica,Madrid,Spain,2018,JavaScript
Ángel,Casado,Madrid,Spain,2019,JavaScript
Anna,Jacobs,Brussels,Belgium,2018,JavaScript
Anouk,Devaux,"La Loupe",France,2017,JavaScript
Anouk,Nguyen,Paris,France,2019,JavaScript
Antoine,Morvan,Biarritz,France,2018,Java
Antoinette,Francois,Lyon,France,2019,JavaScript
Antoinette,Rolland,Bordeaux,France,2019,JavaScript
Arnaude,Barbier,Biarritz,France,2019,Java
Arnaude,Mahe,Lyon,France,2019,JavaScript
Arnaude,Roche,Lille,France,2019,JavaScript
Arthur,Bruneau,Biarritz,France,2018,JavaScript
Arthur,Cohen,Toulouse,France,2018,Java
Arthur,Deschamps,Lille,France,2017,JavaScript
Arthur,Durand,Paris,France,2017,JavaScript
Arthur,Guibert,Toulouse,France,2018,Java
Arthur,Jourdan,Lille,France,2017,JavaScript
Arthur,Pages,Tours,France,2019,JavaScript
Astrid,Blondel,Tours,France,2017,JavaScript
Auguste,Andre,Lyon,France,2018,JavaScript
August,Haupt,Berlin,Germany,2019,JavaScript
Augustin,Bonnin,"La Loupe",France,2019,JavaScript
Aurélie,Becker,Toulouse,France,2018,JavaScript
Ayoub,Leclercq,Brussels,Belgium,2017,JavaScript
Beniamin,Sirbu,Bucharest,Romania,2018,JavaScript
Benjamin,Goncalves,Strasbourg,France,2017,JavaScript
Benjamin,"Le Goff",Lille,France,2018,JavaScript
Benjamin,Tanguy,Biarritz,France,2018,JavaScript
Benoît,Descamps,Biarritz,France,2017,PHP
Benoît,"De Sousa",Paris,France,2017,JavaScript
Benoît,Vallet,Orleans,France,2017,JavaScript
Bernadette,Fabre,Marseille,France,2017,JavaScript
Bernard,Guillot,Biarritz,France,2018,Java
Bettina,Fleischer,Berlin,Germany,2019,JavaScript
Bo,"Van Dyck",Brussels,Belgium,2018,JavaScript
Bruno,Alves,Lisbon,Portugal,2019,JavaScript
Bruno,Madrid,Madrid,Spain,2017,JavaScript
Burnice,Bosco,London,"United Kingdom",2017,JavaScript
Camille,Raymond,Toulouse,France,2019,PHP
Carolina,Tavares,Lisbon,Portugal,2017,JavaScript
Catherine,Lemoine,Strasbourg,France,2017,JavaScript
Catherine,Marin,Biarritz,France,2017,Java
Catherine,Robin,Biarritz,France,2018,Java
Cedrin,Bogdan,Bucharest,Romania,2018,JavaScript
Célina,Benoit,Orleans,France,2018,JavaScript
Célina,Jacques,Reims,France,2017,JavaScript
Célina,Mallet,Bordeaux,France,2018,JavaScript
Célina,Parent,"La Loupe",France,2018,JavaScript
Céline,Fabre,Toulouse,France,2019,JavaScript
Chantal,Caron,Biarritz,France,2017,JavaScript
Chantal,"Da Costa",Orleans,France,2017,JavaScript
Chantal,Rolland,Reims,France,2019,JavaScript
Charles,Lebrun,Marseille,France,2018,JavaScript
Charles,Lombard,Tours,France,2019,JavaScript
Charlotte,Delattre,Paris,France,2019,JavaScript
Charlotte,Fleury,Strasbourg,France,2018,JavaScript
Charlotte,Lebreton,Lille,France,2018,JavaScript
Charlotte,Poulain,"La Loupe",France,2017,JavaScript
Charlotte,Roche,Biarritz,France,2018,JavaScript
Charlotte,Tanguy,Biarritz,France,2017,PHP
Christelle,Vallet,Biarritz,France,2017,JavaScript
Christiane,Buisson,Orleans,France,2017,JavaScript
Christophe,Deschamps,Biarritz,France,2018,PHP
Christophe,Gauthier,Toulouse,France,2018,Java
Claire,Bodin,Tours,France,2017,JavaScript
Claire,Clement,Nantes,France,2017,JavaScript
Claire,Grenier,Reims,France,2018,JavaScript
Claude,Petitjean,Marseille,France,2019,JavaScript
Claude,Samson,Toulouse,France,2019,JavaScript
Claudine,Lambert,Orleans,France,2018,JavaScript
Clémence,Dupuis,Reims,France,2017,JavaScript
Colette,Bouvier,Biarritz,France,2018,JavaScript
Conny,Schwarz,Berlin,Germany,2019,JavaScript
Constance,Levy,Nantes,France,2018,JavaScript
Cora,Bernier,London,"United Kingdom",2019,JavaScript
Corina,Radu,Bucharest,Romania,2017,JavaScript
Corinne,Riviere,"La Loupe",France,2019,JavaScript
Corvin,Peter,Bucharest,Romania,2018,JavaScript
Cosmin,Olariu,Bucharest,Romania,2017,JavaScript
Cristiana,Leite,Lisbon,Portugal,2019,JavaScript
Danielle,Lecomte,Toulouse,France,2019,JavaScript
Danielle,Perrin,Toulouse,France,2019,JavaScript
Daniel,Pierre,Bordeaux,France,2017,JavaScript
Daniel,Roy,Biarritz,France,2017,JavaScript
Dariana,Rogahn,London,"United Kingdom",2018,JavaScript
David,Daniel,Biarritz,France,2019,Java
David,Guibert,"La Loupe",France,2019,JavaScript
Débora,Barbosa,Lisbon,Portugal,2018,JavaScript
Denis,Boyer,Nantes,France,2019,JavaScript
Denise,Besson,Nantes,France,2017,JavaScript
Denise,Boulay,Nantes,France,2018,JavaScript
Doina,Grigorescu,Bucharest,Romania,2019,JavaScript
Dominique,Barre,Toulouse,France,2017,Java
Dominique,Briand,Biarritz,France,2017,PHP
Dominique,Carpentier,Reims,France,2017,JavaScript
Dominique,Guyot,Biarritz,France,2017,PHP
Dominique,Pichon,Marseille,France,2019,JavaScript
Dwight,Murray,London,"United Kingdom",2018,JavaScript
Edgar,Magalhães,Lisbon,Portugal,2019,JavaScript
Édith,Evrard,Paris,France,2018,JavaScript
Édith,Turpin,Biarritz,France,2017,JavaScript
Edmond,Pasca,Bucharest,Romania,2019,JavaScript
Édouard,Bonnin,Biarritz,France,2018,Java
Eduard,Mohr,Berlin,Germany,2019,JavaScript
Éléonore,Bousquet,Orleans,France,2019,JavaScript
Éléonore,Laroche,Toulouse,France,2019,PHP
Élisabeth,Bodin,"La Loupe",France,2019,JavaScript
Élisabeth,Bonnet,Biarritz,France,2018,Java
Élisabeth,Laporte,Biarritz,France,2019,PHP
Elise,Massart,Brussels,Belgium,2019,JavaScript
Élodie,Martins,Toulouse,France,2017,Java
Eloïse,Noël,Brussels,Belgium,2017,JavaScript
Ema,Batista,Lisbon,Portugal,2018,JavaScript
Émile,Couturier,Lille,France,2019,JavaScript
Émile,Gauthier,Strasbourg,France,2017,JavaScript
Émile,Samson,Lille,France,2017,JavaScript
Emmanuelle,Berthelot,Strasbourg,France,2018,JavaScript
Emmanuelle,Boulanger,Toulouse,France,2017,Java
Emmanuelle,Gaudin,Marseille,France,2017,JavaScript
Emmanuelle,Mercier,Biarritz,France,2017,JavaScript
Emmanuelle,Moulin,Nantes,France,2019,JavaScript
Emmanuel,Normand,Tours,France,2019,JavaScript
Emmanuel,Rousseau,Lyon,France,2019,JavaScript
Éric,Bonnet,Orleans,France,2019,JavaScript
Éric,Meunier,Toulouse,France,2019,JavaScript
Éric,Turpin,Orleans,France,2017,JavaScript
Erik,Balderas,Madrid,Spain,2019,JavaScript
Eugène,Didier,Biarritz,France,2017,PHP
Eugène,Lebreton,"La Loupe",France,2019,JavaScript
Eugène,Lopes,Orleans,France,2018,JavaScript
Eugène,Marechal,Lyon,France,2017,JavaScript
Eugène,Peltier,Orleans,France,2017,JavaScript
Fabian,Rus,Bucharest,Romania,2017,JavaScript
Fátima,Guajardo,Madrid,Spain,2018,JavaScript
Felicia,Mirea,Bucharest,Romania,2017,JavaScript
"Francisco Javier",Llamas,Madrid,Spain,2019,JavaScript
Franck,Bertrand,Bordeaux,France,2019,JavaScript
Franck,Merle,Tours,France,2018,JavaScript
Franck,Pascal,Marseille,France,2017,JavaScript
François,Aubert,Orleans,France,2018,JavaScript
François,Leroux,Tours,France,2018,JavaScript
François,Marchand,Reims,France,2018,JavaScript
François,Prevost,Biarritz,France,2018,Java
François,Royer,Reims,France,2019,JavaScript
François,Traore,Lille,France,2018,JavaScript
Frédéric,Lecoq,Lille,France,2017,JavaScript
Frédérique,Rodrigues,Biarritz,France,2017,Java
Gabriel,Bodin,Marseille,France,2018,JavaScript
Gabriel,Bouchet,Marseille,France,2017,JavaScript
Gabriel,Lebreton,Strasbourg,France,2019,JavaScript
Gabrielle,Deschamps,Lille,France,2019,JavaScript
Gabrielle,Lecoq,Reims,France,2019,JavaScript
Gabriel,Pereira,Marseille,France,2018,JavaScript
Gabriel,Roche,Strasbourg,France,2018,JavaScript
Gage,Witting,London,"United Kingdom",2017,JavaScript
Geneviève,Fleury,Orleans,France,2019,JavaScript
Geneviève,Foucher,Lille,France,2019,JavaScript
Georges,Perrot,Bordeaux,France,2019,JavaScript
Georgeta,Pintilie,Bucharest,Romania,2019,JavaScript
Gérard,Guillou,Marseille,France,2019,JavaScript
Gertraude,Hartung,Berlin,Germany,2019,JavaScript
Ghiță,Voinea,Bucharest,Romania,2019,JavaScript
Gilbert,Diaz,Toulouse,France,2018,Java
Gilbert,Lemaire,Biarritz,France,2017,Java
Gilbert,Renaud,"La Loupe",France,2017,JavaScript
Gilles,Chevallier,"La Loupe",France,2018,JavaScript
Gilles,Couturier,"La Loupe",France,2017,JavaScript
Gilles,Gillet,Nantes,France,2017,JavaScript
Gilles,Leveque,Lyon,France,2017,JavaScript
Gilles,Louis,Biarritz,France,2019,Java
Gina,Dickens,London,"United Kingdom",2019,JavaScript
Giorgiana,Tataru,Bucharest,Romania,2019,JavaScript
Gladys,Hansen,London,"United Kingdom",2018,JavaScript
Grégoire,Gallet,Bordeaux,France,2019,JavaScript
Grégoire,Navarro,Orleans,France,2017,JavaScript
Guillaume,Grenier,Reims,France,2018,JavaScript
Guillaume,Hermans,Brussels,Belgium,2019,JavaScript
Guillaume,Perrin,Toulouse,France,2019,Java
Guillaume,Vercammen,Brussels,Belgium,2017,JavaScript
Guillaume,Weiss,Strasbourg,France,2017,JavaScript
Guy,Gomez,Paris,France,2019,JavaScript
Guy,Petit,"La Loupe",France,2018,JavaScript
Hajar,Denis,Brussels,Belgium,2019,JavaScript
Hans-Jochen,Appel,Berlin,Germany,2018,JavaScript
Hans-Jörg,Kroll,Berlin,Germany,2017,JavaScript
Heide,Peters,Berlin,Germany,2018,JavaScript
Helena,Brito,Lisbon,Portugal,2019,JavaScript
Hélène,David,Biarritz,France,2018,Java
Hélène,Fernandez,Strasbourg,France,2018,JavaScript
Hélène,Hoarau,Biarritz,France,2017,Java
Henri,Clement,Nantes,France,2018,JavaScript
Henriette,Gomez,Nantes,France,2017,JavaScript
Henriette,Julien,Paris,France,2017,JavaScript
Henri,Guilbert,Toulouse,France,2018,JavaScript
Herta,Gärtner,Berlin,Germany,2018,JavaScript
Honoré,Bouchet,Marseille,France,2018,JavaScript
Hortense,Begue,Orleans,France,2017,JavaScript
Hugues,Chauveau,Reims,France,2018,JavaScript
Hugues,Gaillard,Nantes,France,2018,JavaScript
Hugues,Merle,Strasbourg,France,2017,JavaScript
Ica,Muntean,Bucharest,Romania,2017,JavaScript
Inês,Azevedo,Lisbon,Portugal,2019,JavaScript
Inès,Descamps,Biarritz,France,2019,PHP
Inés,Galindo,Madrid,Spain,2017,JavaScript
Inès,Perrin,Reims,France,2019,JavaScript
Inès,Turpin,Strasbourg,France,2018,JavaScript
Ingelore,Albers,Berlin,Germany,2019,JavaScript
Inge,Miller,Berlin,Germany,2019,JavaScript
Ionică,Irimia,Bucharest,Romania,2019,JavaScript
Iosif,Bodea,Bucharest,Romania,2019,JavaScript
Irmgard,Beier,Berlin,Germany,2017,JavaScript
Isaac,Cohen,Lyon,France,2018,JavaScript
Isaac,Coulon,Paris,France,2017,JavaScript
Isaac,Daniel,Lille,France,2019,JavaScript
Isaac,"De Sousa",Lyon,France,2019,JavaScript
Isaac,Martineau,Toulouse,France,2019,PHP
Isabelle,Brunel,Biarritz,France,2017,Java
Isabelle,Pires,Toulouse,France,2018,PHP
Isabelle,Samson,Biarritz,France,2018,Java
Isabelle,Schneider,Toulouse,France,2018,Java
Isac,Ebert,London,"United Kingdom",2019,JavaScript
Jacqueline,Peltier,Paris,France,2017,JavaScript
Jacques,Blin,Lille,France,2019,JavaScript
Jaime,Melo,Lisbon,Portugal,2019,JavaScript
Jalon,Rippin,London,"United Kingdom",2017,JavaScript
Jana,Cristescu,Bucharest,Romania,2018,JavaScript
Jan,Escobedo,Madrid,Spain,2019,JavaScript
Jan,Moraru,Bucharest,Romania,2019,JavaScript
Jayson,Osinski,London,"United Kingdom",2017,JavaScript
Jeanne,Navarro,Reims,France,2017,JavaScript
Jean,Renaud,Nantes,France,2017,JavaScript
Jérôme,Hoarau,Biarritz,France,2017,PHP
Jérôme,Poulain,Lille,France,2018,JavaScript
Jéssica,Leal,Lisbon,Portugal,2017,JavaScript
Jessy,Predovic,London,"United Kingdom",2019,JavaScript
Joan,Arce,Madrid,Spain,2019,JavaScript
Jorge,Figueiredo,Lisbon,Portugal,2017,JavaScript
Joséphine,"De Oliveira",Biarritz,France,2018,Java
Joséphine,Vidal,Reims,France,2017,JavaScript
Joseph,Rodriguez,Toulouse,France,2019,PHP
Josette,Martin,Toulouse,France,2018,PHP
Jules,Renaud,Tours,France,2017,JavaScript
Julie,Hamon,Strasbourg,France,2019,JavaScript
Julien,Charpentier,Lyon,France,2018,JavaScript
Julien,Courtois,Lyon,France,2017,JavaScript
Julien,"Dos Santos",Strasbourg,France,2019,JavaScript
Julien,Ollivier,Toulouse,France,2017,PHP
Julien,Rousset,Tours,France,2018,JavaScript
Kaitlin,Wehner,London,"United Kingdom",2017,JavaScript
Karola,Ernst,Berlin,Germany,2018,JavaScript
Laetitia,Schneider,Biarritz,France,2019,JavaScript
Laure,Gaudin,Biarritz,France,2019,PHP
Laurence,Lemaire,Biarritz,France,2019,JavaScript
Laurent,"Le Roux",Biarritz,France,2019,PHP
Laurent,Peltier,Toulouse,France,2018,Java
Laverne,Kautzer,London,"United Kingdom",2017,JavaScript
Leire,Covarrubias,Madrid,Spain,2019,JavaScript
Lenna,Gleichner,London,"United Kingdom",2017,JavaScript
Léon,Cordier,Bordeaux,France,2019,JavaScript
Léon,Jacob,Reims,France,2017,JavaScript
Léon,Jacques,Toulouse,France,2017,PHP
Léon,Jacquet,Biarritz,France,2019,JavaScript
Léon,Wagner,Tours,France,2018,JavaScript
Liliana,Bunea,Bucharest,Romania,2017,JavaScript
Loïc,"De Coster",Brussels,Belgium,2019,JavaScript
Lola,Noël,Brussels,Belgium,2017,JavaScript
Lorraine,Bonneau,Reims,France,2019,JavaScript
Lorraine,Dumas,Biarritz,France,2018,Java
Louise,Carre,Reims,France,2018,JavaScript
Louise,Lecomte,Brussels,Belgium,2019,JavaScript
Luca,Sabau,Bucharest,Romania,2019,JavaScript
Lucas,Adam,Brussels,Belgium,2018,JavaScript
Lucas,Launay,"La Loupe",France,2017,JavaScript
Lucas,Laurent,Paris,France,2018,JavaScript
Lucas,Lefort,Biarritz,France,2019,Java
Luc,Boulanger,"La Loupe",France,2018,JavaScript
Luc,Colin,Marseille,France,2017,JavaScript
Luce,Bernier,Marseille,France,2019,JavaScript
Luce,Descamps,"La Loupe",France,2019,JavaScript
Luce,Leclerc,Lyon,France,2019,JavaScript
Luce,Michaud,Nantes,France,2018,JavaScript
Lucie,Bruneau,Lyon,France,2018,JavaScript
Lukas,Barry,Brussels,Belgium,2017,JavaScript
Luna,Thijs,Brussels,Belgium,2018,JavaScript
Luna,Wauters,Brussels,Belgium,2019,JavaScript
Mack,Harvey,London,"United Kingdom",2018,JavaScript
Madeleine,Coste,Biarritz,France,2019,Java
Magda,Heß,Berlin,Germany,2017,JavaScript
Maggie,Guillot,Tours,France,2018,JavaScript
Malak,Goossens,Brussels,Belgium,2019,JavaScript
Manon,Turpin,Toulouse,France,2018,PHP
Mara,Cuevas,Madrid,Spain,2017,JavaScript
Marcel,Deschamps,Paris,France,2018,JavaScript
Marcel,Girard,Bordeaux,France,2019,JavaScript
Marcelino,Barton,London,"United Kingdom",2018,JavaScript
Marcel,Olivier,Biarritz,France,2019,JavaScript
Marc,Marin,Paris,France,2018,JavaScript
Marcos,Tejada,Madrid,Spain,2019,JavaScript
Maren,Link,Berlin,Germany,2017,JavaScript
Margaret,Guillet,Bordeaux,France,2018,JavaScript
Margaux,Parmentier,Brussels,Belgium,2017,JavaScript
Margaux,Pereira,Nantes,France,2017,JavaScript
Margit,Konrad,Berlin,Germany,2017,JavaScript
Margot,Normand,Lyon,France,2018,JavaScript
Marguerite,Bertin,Toulouse,France,2019,PHP
Marguerite,Francois,Tours,France,2017,JavaScript
Marianne,Gallet,Marseille,France,2019,JavaScript
Marine,Chauvet,Orleans,France,2017,JavaScript
Marine,Dupre,Orleans,France,2019,JavaScript
Mario,Arguello,Madrid,Spain,2019,JavaScript
Marius,Fleischer,Berlin,Germany,2018,JavaScript
Marius,Gherman,Bucharest,Romania,2018,JavaScript
Marta,Ramos,Lisbon,Portugal,2018,JavaScript
Marthe,Joly,Tours,France,2017,JavaScript
Marthe,Masson,Marseille,France,2019,JavaScript
Martine,Bailly,Biarritz,France,2018,PHP
Martine,Carpentier,Tours,France,2018,JavaScript
Martine,Imbert,Paris,France,2017,JavaScript
Martine,Thierry,Tours,France,2019,JavaScript
Martinho,Matos,Lisbon,Portugal,2019,JavaScript
Martin,Leger,Tours,France,2019,JavaScript
Martin,Picard,Lille,France,2017,JavaScript
Martin,Voisin,Reims,France,2019,JavaScript
Maryse,Allain,Toulouse,France,2018,JavaScript
Maryse,Letellier,Bordeaux,France,2019,JavaScript
Mateus,Carvalho,Lisbon,Portugal,2019,JavaScript
Mathias,Weiß,Berlin,Germany,2017,JavaScript
Mathilde,Descamps,Toulouse,France,2019,JavaScript
Mathilde,Georges,Bordeaux,France,2019,JavaScript
Mathilde,Lesage,Orleans,France,2019,JavaScript
Matthieu,Gaudin,Toulouse,France,2018,PHP
Matthieu,Thibault,Lyon,France,2018,JavaScript
Maurice,Bigot,Bordeaux,France,2017,JavaScript
Maurice,Hardy,Marseille,France,2017,JavaScript
Maurice,Munoz,Toulouse,France,2017,JavaScript
Maurice,Paris,Toulouse,France,2017,Java
Maxim,Denis,Brussels,Belgium,2019,JavaScript
Maxime,Goffin,Brussels,Belgium,2018,JavaScript
Mélanie,Nunes,Lisbon,Portugal,2018,JavaScript
Melissa,Loureiro,Lisbon,Portugal,2018,JavaScript
Michel,David,Biarritz,France,2019,JavaScript
Michèle,Jourdan,Tours,France,2018,JavaScript
Michèle,Payet,Bordeaux,France,2019,JavaScript
Michèle,Peltier,Tours,France,2017,JavaScript
Michèle,Perret,Tours,France,2018,JavaScript
Michèle,Salmon,Lille,France,2017,JavaScript
Michèle,Traore,Toulouse,France,2017,JavaScript
Michelle,Georges,Toulouse,France,2017,Java
Michelle,Legros,Biarritz,France,2017,Java
Michelle,Perrot,Reims,France,2017,JavaScript
Michelle,Texier,Toulouse,France,2018,PHP
Michel,Picard,Tours,France,2017,JavaScript
Michel,Riou,Biarritz,France,2017,Java
"Miguel Ángel",Rincón,Madrid,Spain,2017,JavaScript
Modesta,Stokes,London,"United Kingdom",2018,JavaScript
Monique,Vaillant,Paris,France,2017,JavaScript
Nathalie,Blin,Lille,France,2019,JavaScript
Nathalie,Lamy,Lille,France,2019,JavaScript
Noa,Magaña,Madrid,Spain,2017,JavaScript
Noël,Duhamel,"La Loupe",France,2018,JavaScript
Noël,Marechal,Biarritz,France,2018,PHP
Noël,Meunier,Toulouse,France,2018,PHP
Noël,Noel,Toulouse,France,2019,JavaScript
Noémi,Carre,Toulouse,France,2018,PHP
Noémi,Vasseur,Reims,France,2018,JavaScript
Nora,Amador,Madrid,Spain,2018,JavaScript
Norval,Halvorson,London,"United Kingdom",2019,JavaScript
Nuria,Zambrano,Madrid,Spain,2017,JavaScript
Océane,Gros,Tours,France,2017,JavaScript
Odette,Bourdon,Toulouse,France,2018,Java
Odette,Carlier,Toulouse,France,2019,PHP
Odette,Gregoire,"La Loupe",France,2019,JavaScript
Odette,Lebreton,"La Loupe",France,2018,JavaScript
Odette,Lemonnier,Strasbourg,France,2019,JavaScript
Odette,Riou,Paris,France,2019,JavaScript
Olivia,Rojo,Madrid,Spain,2018,JavaScript
Olivier,Dufour,Toulouse,France,2018,JavaScript
Olivier,Gregoire,Nantes,France,2017,JavaScript
Olivier,Picard,Lyon,France,2017,JavaScript
Omari,Batz,London,"United Kingdom",2017,JavaScript
Ortansa,Florea,Bucharest,Romania,2017,JavaScript
Patrícia,Abreu,Lisbon,Portugal,2019,JavaScript
Patrick,Huet,Toulouse,France,2017,Java
Patrizia,Peter,Berlin,Germany,2018,JavaScript
Paulette,Didier,Lyon,France,2017,JavaScript
Paul,Germain,Paris,France,2019,JavaScript
Pauline,Bonnin,Reims,France,2017,JavaScript
Pauline,Saidi,Brussels,Belgium,2018,JavaScript
Pauline,Verhelst,Brussels,Belgium,2018,JavaScript
Paulo,Alves,Lisbon,Portugal,2017,JavaScript
Paul,Pelletier,Marseille,France,2017,JavaScript
Pau,Viera,Madrid,Spain,2017,JavaScript
Pedro,Jesus,Lisbon,Portugal,2018,JavaScript
Pénélope,Collet,Toulouse,France,2019,Java
Pénélope,Leclerc,Bordeaux,France,2019,JavaScript
Pénélope,Maury,"La Loupe",France,2019,JavaScript
Pénélope,Paris,Biarritz,France,2017,JavaScript
Pénélope,Royer,Nantes,France,2017,JavaScript
Pénélope,Vallet,Toulouse,France,2018,Java
Petronela,Croitoru,Bucharest,Romania,2017,JavaScript
Philippe,Barbe,Biarritz,France,2018,Java
Philippe,Faure,Nantes,France,2017,JavaScript
Philippe,Paris,Toulouse,France,2018,JavaScript
Philippine,Lefevre,Biarritz,France,2019,Java
Philippine,Rolland,Lille,France,2018,JavaScript
Quinn,Marvin,London,"United Kingdom",2018,JavaScript
Raúl,Salvador,Madrid,Spain,2017,JavaScript
Raymond,Bouvet,Toulouse,France,2019,JavaScript
Raymond,Perret,Toulouse,France,2018,PHP
Raymond,Poulain,Toulouse,France,2019,Java
Rémy,Begue,Bordeaux,France,2018,JavaScript
Rémy,Boucher,Toulouse,France,2017,Java
Renato,Alves,Lisbon,Portugal,2017,JavaScript
Renato,Anjos,Lisbon,Portugal,2018,JavaScript
René,Chauveau,Lyon,France,2019,JavaScript
Renée,Pasquier,Biarritz,France,2017,Java
René,"Le Roux",Orleans,France,2018,JavaScript
René,Robin,Toulouse,France,2017,Java
Ricardo,Gomes,Lisbon,Portugal,2017,JavaScript
Richard,Herve,Bordeaux,France,2017,JavaScript
Richard,Rodrigues,Toulouse,France,2019,PHP
Richie,Yundt,London,"United Kingdom",2018,JavaScript
Robbe,Lemaire,Brussels,Belgium,2019,JavaScript
Robbe,Saidi,Brussels,Belgium,2017,JavaScript
Robert,Delorme,Biarritz,France,2017,PHP
Robert,Roussel,Tours,France,2018,JavaScript
Roger,Dias,"La Loupe",France,2017,JavaScript
Roger,Garcia,Toulouse,France,2019,PHP
Roger,Mahe,Paris,France,2018,JavaScript
Roger,Normand,Biarritz,France,2019,PHP
Roger,Raymond,Marseille,France,2018,JavaScript
Roland,Bonneau,Nantes,France,2019,JavaScript
Roland,Leclerc,Tours,France,2017,JavaScript
Roland,Thierry,Bordeaux,France,2019,JavaScript
Rollin,Hayes,London,"United Kingdom",2018,JavaScript
Roos,Sahin,Brussels,Belgium,2019,JavaScript
Rubén,Sosa,Madrid,Spain,2018,JavaScript
Sabine,Weiss,Lyon,France,2019,JavaScript
Sam,Stiedemann,London,"United Kingdom",2018,JavaScript
Sara,Haag,Berlin,Germany,2018,JavaScript
Saúl,Bermúdez,Madrid,Spain,2019,JavaScript
Sébastien,Ferreira,Biarritz,France,2018,JavaScript
Sébastien,Lefort,Toulouse,France,2019,Java
Sergio,Ruvalcaba,Madrid,Spain,2017,JavaScript
Sigurd,Stein,Berlin,Germany,2017,JavaScript
Simone,Carpentier,Lyon,France,2019,JavaScript
Sophie,Gillet,Strasbourg,France,2018,JavaScript
Sophie,Potier,Strasbourg,France,2018,JavaScript
Stanislaw,Ulrich,Berlin,Germany,2018,JavaScript
Stéphane,Camus,Paris,France,2017,JavaScript
Stéphanie,Collet,"La Loupe",France,2017,JavaScript
Stéphanie,Gaillard,Bordeaux,France,2018,JavaScript
Stéphanie,Maillard,Biarritz,France,2017,Java
Stéphanie,Picard,Marseille,France,2018,JavaScript
Susanne,Labbe,Strasbourg,France,2019,JavaScript
Susanne,Lacroix,Nantes,France,2019,JavaScript
Susanne,Lucas,Toulouse,France,2019,PHP
Susanne,Rousseau,Biarritz,France,2018,PHP
Suzanne,Millet,"La Loupe",France,2017,JavaScript
Sylvie,Morvan,Lyon,France,2017,JavaScript
Teohari,Dumitriu,Bucharest,Romania,2017,JavaScript
Théodore,Bousquet,Biarritz,France,2019,JavaScript
Théodore,"Da Silva",Marseille,France,2019,JavaScript
Théodore,Gerard,Toulouse,France,2018,JavaScript
Théodore,Lemaitre,Nantes,France,2017,JavaScript
Théodore,Levy,Biarritz,France,2017,Java
Théodore,Regnier,Biarritz,France,2018,JavaScript
Thérèse,Guyot,Biarritz,France,2019,JavaScript
Thibaut,Bouchet,Biarritz,France,2017,Java
Thibaut,Bouvet,Bordeaux,France,2018,JavaScript
Thibaut,Buisson,Paris,France,2018,JavaScript
Thibaut,Nguyen,"La Loupe",France,2018,JavaScript
Thierry,Alexandre,Biarritz,France,2017,JavaScript
Thierry,Bertin,Lille,France,2017,JavaScript
Thierry,Blanchard,Biarritz,France,2018,Java
Thierry,Wagner,Bordeaux,France,2017,JavaScript
Thomas,Baron,Tours,France,2017,JavaScript
Thomas,Devaux,Strasbourg,France,2019,JavaScript
Thomas,Dupre,Bordeaux,France,2018,JavaScript
Thomas,Michel,Tours,France,2017,JavaScript
Timothée,Besson,Nantes,France,2019,JavaScript
Timothée,Gaudin,Biarritz,France,2018,PHP
Timothée,Henry,Toulouse,France,2018,JavaScript
Tod,Kuhlman,London,"United Kingdom",2019,JavaScript
Tom,Segers,Brussels,Belgium,2017,JavaScript
Toney,Berge,London,"United Kingdom",2019,JavaScript
Traian,Diaconu,Bucharest,Romania,2018,JavaScript
Treva,Waelchi,London,"United Kingdom",2017,JavaScript
Unai,Nevárez,Madrid,Spain,2019,JavaScript
Valentim,Matos,Lisbon,Portugal,2018,JavaScript
Valentine,Camus,Nantes,France,2018,JavaScript
Valentine,Germain,Marseille,France,2017,JavaScript
Valentine,Germain,Orleans,France,2018,JavaScript
Valentine,Rocher,Lyon,France,2019,JavaScript
Valérie,Allard,Nantes,France,2019,JavaScript
Veronika,Albers,Berlin,Germany,2019,JavaScript
Victoire,Goncalves,Toulouse,France,2017,Java
Victória,Fonseca,Lisbon,Portugal,2017,JavaScript
Victor,Lopez,Biarritz,France,2019,JavaScript
Víctor,Trujillo,Madrid,Spain,2019,JavaScript
Vincent,Sanchez,Biarritz,France,2019,JavaScript
Violeta,Valente,Lisbon,Portugal,2017,JavaScript
Virginie,Bertin,Strasbourg,France,2017,JavaScript
Virginie,Gillet,Toulouse,France,2017,PHP
Virginie,Guyon,Toulouse,France,2017,Java
Virginie,Joly,Paris,France,2017,JavaScript
Virginie,Leclercq,Reims,France,2019,JavaScript
Virginie,Monnier,Tours,France,2019,JavaScript
Virginie,Moreau,Nantes,France,2018,JavaScript
Walther,Frey,Berlin,Germany,2019,JavaScript
Ward,Maggio,London,"United Kingdom",2017,JavaScript
William,Gaudin,Biarritz,France,2019,Java
William,Gonçalves,Lisbon,Portugal,2018,JavaScript
William,Leconte,Lyon,France,2017,JavaScript
William,Marion,Lille,France,2019,JavaScript
Willibald,Schweizer,Berlin,Germany,2017,JavaScript
Xavier,Albert,Lyon,France,2017,JavaScript
Xavier,Bonnin,"La Loupe",France,2017,JavaScript
Xavier,Launay,Bordeaux,France,2019,JavaScript
Xavier,Lucas,Strasbourg,France,2018,JavaScript
Xavier,Mace,Lyon,France,2018,JavaScript
Yves,Lefevre,Marseille,France,2019,JavaScript
Yves,Marie,Biarritz,France,2019,JavaScript
Yves,Robin,Orleans,France,2017,JavaScript
Zacharie,Maillet,Tours,France,2017,JavaScript
Zacharie,Thomas,Toulouse,France,2019,Java
Zetta,Wuckert,London,"United Kingdom",2017,JavaScript
Zoé,Prevost,"La Loupe",France,2017,JavaScript
Zoé,Thiry,Brussels,Belgium,2017,JavaScript
