Alexandrie,Delahaye,Toulouse,France,2017,Java
Emmanuelle,Boulanger,Toulouse,France,2017,Java
Maurice,Paris,Toulouse,France,2017,Java
Alain,Coste,Toulouse,France,2017,Java
Alphonse,Dumont,Toulouse,France,2017,PHP
Adrien,Coste,Toulouse,France,2017,Java
Amélie,Philippe,Toulouse,France,2017,Java
René,Robin,Toulouse,France,2017,Java
Adélaïde,Vidal,Toulouse,France,2017,Java
Alphonse,Fischer,Toulouse,France,2017,PHP
Virginie,Guyon,Toulouse,France,2017,Java
Rémy,Boucher,Toulouse,France,2017,Java
Dominique,Barre,Toulouse,France,2017,Java
Julien,Ollivier,Toulouse,France,2017,PHP
Agathe,Bazin,Toulouse,France,2017,JavaScript
Victoire,Goncalves,Toulouse,France,2017,Java
Virginie,Gillet,Toulouse,France,2017,PHP
Élodie,Martins,Toulouse,France,2017,Java
Patrick,Huet,Toulouse,France,2017,Java
Maurice,Munoz,Toulouse,France,2017,JavaScript
Anastasie,Charpentier,Toulouse,France,2017,Java
Anastasie,Boulanger,Toulouse,France,2017,PHP
Léon,Jacques,Toulouse,France,2017,PHP
Michelle,Georges,Toulouse,France,2017,Java
Michèle,Traore,Toulouse,France,2017,JavaScript
Christophe,Gauthier,Toulouse,France,2018,Java
Josette,Martin,Toulouse,France,2018,PHP
Michelle,Texier,Toulouse,France,2018,PHP
Aurélie,Becker,Toulouse,France,2018,JavaScript
Timothée,Henry,Toulouse,France,2018,JavaScript
Adrienne,Gallet,Toulouse,France,2018,PHP
Noël,Meunier,Toulouse,France,2018,PHP
Manon,Turpin,Toulouse,France,2018,PHP
Matthieu,Gaudin,Toulouse,France,2018,PHP
Laurent,Peltier,Toulouse,France,2018,Java
Odette,Bourdon,Toulouse,France,2018,Java
Adrien,Pineau,Toulouse,France,2018,PHP
Isabelle,Schneider,Toulouse,France,2018,Java
Théodore,Gerard,Toulouse,France,2018,JavaScript
Pénélope,Vallet,Toulouse,France,2018,Java
Maryse,Allain,Toulouse,France,2018,JavaScript
Raymond,Perret,Toulouse,France,2018,PHP
Arthur,Guibert,Toulouse,France,2018,Java
Philippe,Paris,Toulouse,France,2018,JavaScript
Arthur,Cohen,Toulouse,France,2018,Java
Henri,Guilbert,Toulouse,France,2018,JavaScript
Noémi,Carre,Toulouse,France,2018,PHP
Isabelle,Pires,Toulouse,France,2018,PHP
Gilbert,Diaz,Toulouse,France,2018,Java
Olivier,Dufour,Toulouse,France,2018,JavaScript
Raymond,Poulain,Toulouse,France,2019,Java
Alexandre,"Da Silva",Toulouse,France,2019,JavaScript
Susanne,Lucas,Toulouse,France,2019,PHP
Roger,Garcia,Toulouse,France,2019,PHP
Isaac,Martineau,Toulouse,France,2019,PHP
Zacharie,Thomas,Toulouse,France,2019,Java
Éléonore,Laroche,Toulouse,France,2019,PHP
Mathilde,Descamps,Toulouse,France,2019,JavaScript
Céline,Fabre,Toulouse,France,2019,JavaScript
Marguerite,Bertin,Toulouse,France,2019,PHP
Raymond,Bouvet,Toulouse,France,2019,JavaScript
Odette,Carlier,Toulouse,France,2019,PHP
Pénélope,Collet,Toulouse,France,2019,Java
Joseph,Rodriguez,Toulouse,France,2019,PHP
Danielle,Lecomte,Toulouse,France,2019,JavaScript
Camille,Raymond,Toulouse,France,2019,PHP
Sébastien,Lefort,Toulouse,France,2019,Java
Noël,Noel,Toulouse,France,2019,JavaScript
Anastasie,Roux,Toulouse,France,2019,PHP
Danielle,Perrin,Toulouse,France,2019,JavaScript
Éric,Meunier,Toulouse,France,2019,JavaScript
Anaïs,Lambert,Toulouse,France,2019,Java
Claude,Samson,Toulouse,France,2019,JavaScript
Guillaume,Perrin,Toulouse,France,2019,Java
Richard,Rodrigues,Toulouse,France,2019,PHP
